{"Baraboni": [null, null], "Chandan": [24.6134885, 86.6755127], "Tapasi": [null, null], "Rajla": [24.7556576, 86.4227203], "Jamuria": [23.7136229, 87.0718471], "Katoriya": [24.7407247, 86.7292142], "Telwabazar": [null, null], "Bhalua Halt": [null, null], "Chinchuria": [null, null], "Dhanpatdih": [24.417131, 86.9150667], "Ikra": [null, null], "Kakbara": [null, null], "Karjhausa": [null, null], "New Nawadih": [null, null], "T/P 7/11 Sugapahari": [null, null], "Lachmanpur Road": [null, null], "Palasthali": [23.8359578, 87.0529807], "Barharagram": [null, null], "Hazratpur": [null, null], "Raswan": [null, null], "Arjun Nagar": [null, null], "Chowhatta": [23.8249311, 87.7518997], "Harinsingh": [null, null], "Jnandas Kandra": [23.7393279, 87.969321], "Kirnahar": [23.7640027, 87.8805402], "Labpur": [23.8125628, 87.8057], "Pinargaria": [24.2110551, 87.6423692], "Sikariapara": [null, null], "Arambag": [22.8881928, 87.7915745], "Belurmath": [null, null], "Diara": [22.7985261, 88.2811686], "Gokulnagar": [23.0405838, 87.4562038], "Kalinagar": [23.3658885, 88.3359081], "Karjana": [23.330259, 87.8892104], "Mayapur": [22.8690222, 87.8671933], "Talpur": [22.8752724, 87.9746461], "Adalpahari": [24.208218, 87.709578], "Ambalgram": [23.6928129, 88.0791214], "Barmasia": [24.2244154, 87.3889674], "Bonkapasi": [null, null], "Birsamunda": [null, null], "Bhatar": [23.4067917, 87.9250677], "Daskalgram": [23.7511123, 87.9268908], "Goghat": [22.8987215, 87.7079497], "Gopalpurgram": [23.819963, 87.7809642], "Kaichor": [null, null], "Karjanagram": [23.3446329, 87.8922744], "Kurmadanga": [null, null], "Kurva": [null, null], "Kumarpur": [25.5275043, 83.9357784], "Kamnara": [23.2925557, 87.87813], "Khetia": [23.313686, 87.8850698], "Nigan": [23.5051556, 87.992506], "Nerolgram": [null, null], "Pachandi": [23.7224343, 88.0507469], "Srikhanda": [null, null], "Sripat Srikhanda": [null, null], "Chamardighi": [null, null], "Nandaigram": [null, null], "Maynapur": [23.0037127, 87.498611], "Islampara": [null, null], "Munger": [25.3771111, 86.4813897], "Uren": [25.1711114, 86.2244983], "Godda": [24.8297136, 87.1928584], "Nanihat": [null, null], "Barapalasi": [24.3819006, 87.181875], "Bela": [24.9798392, 84.9816711], "Danre": [null, null], "Kumradol": [24.6619482, 87.0646818], "Kumrahat": [null, null], "Murahara": [24.9140773, 86.9335783], "Rampur halt": [25.171379, 86.140835], "Telia": [24.9056351, 86.9764959], "Gangwara": [null, null], "Prayahat": [null, null], "Nabadwipghat": [null, null], "Habra": [22.840869, 88.657583], "Akra": [22.5147366, 88.2492787], "Ashokenagar Road": [null, null], "Bamungachi": [null, null], "Bira": [22.7897513, 88.5722344], "Bongaon": [null, null], "Chandpara": [22.9616694, 88.7851802], "Duttapukur": [22.7686977, 88.5401436], "Gangnapur": [23.131652, 88.6398971], "Gede": [23.4909986, 88.7869355], "Gobardanga": [22.8795109, 88.7609928], "Gopalnagar": [23.0625847, 88.7456858], "Kalyani Ghoshpara": [22.9819264, 88.4394197], "kalyani Silpanchal": [null, null], "Kalyani Simanta": [22.9876888, 88.42796], "Machlandapur": [null, null], "Majhergram": [23.1089892, 88.68802], "Thakurnagar": [22.9247344, 88.777804], "Akaipur": [23.0952519, 88.7173823], "Amghata": [23.4125935, 88.4204739], "Bibhutibhusan Halt": [null, null], "Coopers Halt": [null, null], "Dignagar": [23.3188759, 88.4559074], "Gourdaha": [22.3783007, 88.5347717], "Karanjali": [22.0348168, 88.245697], "Madhabnagar": [21.9375495, 88.2194608], "Matnia Anantapur": [null, null], "Nabaraynagar": [null, null], "Sanhati": [null, null], "Santinagar": [null, null], "Satberia": [23.0477808, 88.7914042], "Sir Gurudas Banerjee Halt": [22.5741753, 88.3850451], "Ukilerhat": [21.8247347, 88.2302002]}